{"cameraMode":{"drawMode":0,"name":"Shaded","section":"Shading Mode"},"sceneLighting":true,"audioPlay":false,"sceneViewState":{"showFog":true,"showMaterialUpdate":false,"showSkybox":true,"showFlares":true,"showImageEffects":true,"showParticleSystems":true},"in2DMode":false,"pivot":{"x":-47.80225372314453,"y":-5.426837921142578,"z":97.10071563720703},"rotation":{"x":0.14337517321109773,"y":-0.23655010759830476,"z":0.03531504049897194,"w":0.960333526134491},"size":325.6229248046875,"orthographic":false}